{
  "productList": [
    {
      "name": "Strawberries",
      "description": "Organic strawberries, 0.5kg",
      "origin": "Ontario",
      "price": 4.49,
      "rebate": 0,
      "quantity": 100,
      "image": "strawberries.jpg",
      "aisle": "Fruits"
    },
    {
      "name": "Blueberries",
      "description": "Organic blueberries, 0.5kg",
      "origin": "Quebec",
      "price": 3.49,
      "rebate": 0,
      "quantity": 100,
      "image": "blueberries.jpg",
      "aisle": "Fruits"
    },
    {
      "name": "Raspberries",
      "description": "Organic raspberries, 0.5kg",
      "origin": "Quebec",
      "price": 5.99,
      "rebate": 1,
      "image": "raspberries.jpg",
      "quantity": 100,
      "aisle": "Fruits"
    },
    {
      "name": "Watermelon",
      "description": "Organic watermelon, 1 unit",
      "origin": "Ontario",
      "price": 6.49,
      "rebate": 0,
      "quantity": 100,
      "image": "watermelon.jpg",
      "aisle": "Fruits"
    },
    {
      "name": "Cucumber",
      "description": "Organic cucumber, 1 unit",
      "origin": "Quebec",
      "price": 1.49,
      "rebate": 0,
      "quantity": 100,
      "image": "cucumber.jpg",
      "aisle": "Vegetables"
    },
    {
      "name": "Tomato",
      "description": "Organic tomato, 1 unit",
      "origin": "Quebec",
      "price": 2.49,
      "rebate": 0,
      "quantity": 100,
      "image": "tomato.jpg",
      "aisle": "Vegetables"
    },
    {
      "name": "Peas",
      "description": "Bag of peas, 1kg",
      "origin": "Quebec",
      "price": 3.49,
      "rebate": 0,
      "quantity": 100,
      "image": "peas.jpg",
      "aisle": "Vegetables"
    },
    {
      "name": "Steak",
      "description": "Uncooked, fresh cut steak. 2kg ",
      "origin": "Quebec",
      "price": 7.99,
      "rebate": 0,
      "quantity": 100,
      "image": "steak.jpg",
      "aisle": "Meat"
    },
    {
      "name": "Salami",
      "description": "A very very long salami. 10kg ",
      "origin": "Quebec",
      "price": 31.99,
      "rebate": 0,
      "quantity": 5,
      "image": "salami.jpg",
      "aisle": "Meat"
    },
    {
      "name": "Milk",
      "description": "Milky milky 2% milk. 2L",
      "origin": "Quebec",
      "price": 3.99,
      "rebate": 0,
      "quantity": 100,
      "image": "milk.jpg",
      "aisle": "Dairy"
    }
  ]
}